"No.","Time","Source","Destination","Protocol","Length","Info"
"1","0.000000000","172.17.0.2","172.17.0.3","ICMP","100","Echo (ping) request  id=0x0014, seq=1/256, ttl=64 (no response found!)"
"2","0.000030530","172.17.0.2","172.17.0.3","ICMP","100","Echo (ping) request  id=0x0014, seq=1/256, ttl=64 (reply in 3)"
"3","0.000050129","172.17.0.3","172.17.0.2","ICMP","100","Echo (ping) reply    id=0x0014, seq=1/256, ttl=64 (request in 2)"
"4","0.000055670","172.17.0.3","172.17.0.2","ICMP","100","Echo (ping) reply    id=0x0014, seq=1/256, ttl=64"
"5","1.017303685","172.17.0.2","172.17.0.3","ICMP","100","Echo (ping) request  id=0x0014, seq=2/512, ttl=64 (no response found!)"
"6","1.017322932","172.17.0.2","172.17.0.3","ICMP","100","Echo (ping) request  id=0x0014, seq=2/512, ttl=64 (reply in 7)"
"7","1.017336930","172.17.0.3","172.17.0.2","ICMP","100","Echo (ping) reply    id=0x0014, seq=2/512, ttl=64 (request in 6)"
"8","1.017340076","172.17.0.3","172.17.0.2","ICMP","100","Echo (ping) reply    id=0x0014, seq=2/512, ttl=64"
"9","2.041301848","172.17.0.2","172.17.0.3","ICMP","100","Echo (ping) request  id=0x0014, seq=3/768, ttl=64 (no response found!)"
"10","2.041326495","172.17.0.2","172.17.0.3","ICMP","100","Echo (ping) request  id=0x0014, seq=3/768, ttl=64 (reply in 11)"
"11","2.041340923","172.17.0.3","172.17.0.2","ICMP","100","Echo (ping) reply    id=0x0014, seq=3/768, ttl=64 (request in 10)"
"12","2.041344119","172.17.0.3","172.17.0.2","ICMP","100","Echo (ping) reply    id=0x0014, seq=3/768, ttl=64"
"13","3.065284970","172.17.0.2","172.17.0.3","ICMP","100","Echo (ping) request  id=0x0014, seq=4/1024, ttl=64 (no response found!)"
"14","3.065305062","172.17.0.2","172.17.0.3","ICMP","100","Echo (ping) request  id=0x0014, seq=4/1024, ttl=64 (reply in 15)"
"15","3.065319805","172.17.0.3","172.17.0.2","ICMP","100","Echo (ping) reply    id=0x0014, seq=4/1024, ttl=64 (request in 14)"
"16","3.065324262","172.17.0.3","172.17.0.2","ICMP","100","Echo (ping) reply    id=0x0014, seq=4/1024, ttl=64"
"17","3.671772277","172.17.0.4","172.17.0.3","ICMP","100","Echo (ping) request  id=0x0015, seq=1/256, ttl=64 (no response found!)"
"18","3.671802604","172.17.0.4","172.17.0.3","ICMP","100","Echo (ping) request  id=0x0015, seq=1/256, ttl=64 (reply in 19)"
"19","3.671820152","172.17.0.3","172.17.0.4","ICMP","100","Echo (ping) reply    id=0x0015, seq=1/256, ttl=64 (request in 18)"
"20","3.671826983","172.17.0.3","172.17.0.4","ICMP","100","Echo (ping) reply    id=0x0015, seq=1/256, ttl=64"
"21","4.697601051","172.17.0.4","172.17.0.3","ICMP","100","Echo (ping) request  id=0x0015, seq=2/512, ttl=64 (no response found!)"
"22","4.697623607","172.17.0.4","172.17.0.3","ICMP","100","Echo (ping) request  id=0x0015, seq=2/512, ttl=64 (reply in 23)"
"23","4.697639261","172.17.0.3","172.17.0.4","ICMP","100","Echo (ping) reply    id=0x0015, seq=2/512, ttl=64 (request in 22)"
"24","4.697645661","172.17.0.3","172.17.0.4","ICMP","100","Echo (ping) reply    id=0x0015, seq=2/512, ttl=64"
"25","5.721287291","172.17.0.4","172.17.0.3","ICMP","100","Echo (ping) request  id=0x0015, seq=3/768, ttl=64 (no response found!)"
"26","5.721309376","172.17.0.4","172.17.0.3","ICMP","100","Echo (ping) request  id=0x0015, seq=3/768, ttl=64 (reply in 27)"
"27","5.721324460","172.17.0.3","172.17.0.4","ICMP","100","Echo (ping) reply    id=0x0015, seq=3/768, ttl=64 (request in 26)"
"28","5.721328466","172.17.0.3","172.17.0.4","ICMP","100","Echo (ping) reply    id=0x0015, seq=3/768, ttl=64"
"29","6.745309066","172.17.0.4","172.17.0.3","ICMP","100","Echo (ping) request  id=0x0015, seq=4/1024, ttl=64 (no response found!)"
"30","6.745332153","172.17.0.4","172.17.0.3","ICMP","100","Echo (ping) request  id=0x0015, seq=4/1024, ttl=64 (reply in 31)"
"31","6.745348068","172.17.0.3","172.17.0.4","ICMP","100","Echo (ping) reply    id=0x0015, seq=4/1024, ttl=64 (request in 30)"
"32","6.745352275","172.17.0.3","172.17.0.4","ICMP","100","Echo (ping) reply    id=0x0015, seq=4/1024, ttl=64"
"33","7.199059134","172.17.0.5","172.17.0.2","ICMP","100","Echo (ping) request  id=0x0016, seq=1/256, ttl=64 (no response found!)"
"34","7.199089422","172.17.0.5","172.17.0.2","ICMP","100","Echo (ping) request  id=0x0016, seq=1/256, ttl=64 (reply in 35)"
"35","7.199102483","172.17.0.2","172.17.0.5","ICMP","100","Echo (ping) reply    id=0x0016, seq=1/256, ttl=64 (request in 34)"
"36","7.199106149","172.17.0.2","172.17.0.5","ICMP","100","Echo (ping) reply    id=0x0016, seq=1/256, ttl=64"
"37","8.217505399","172.17.0.5","172.17.0.2","ICMP","100","Echo (ping) request  id=0x0016, seq=2/512, ttl=64 (no response found!)"
"38","8.217527424","172.17.0.5","172.17.0.2","ICMP","100","Echo (ping) request  id=0x0016, seq=2/512, ttl=64 (reply in 39)"
"39","8.217544802","172.17.0.2","172.17.0.5","ICMP","100","Echo (ping) reply    id=0x0016, seq=2/512, ttl=64 (request in 38)"
"40","8.217548387","172.17.0.2","172.17.0.5","ICMP","100","Echo (ping) reply    id=0x0016, seq=2/512, ttl=64"
"41","10.622215959","172.17.0.2","172.17.0.4","ICMP","100","Echo (ping) request  id=0x0017, seq=1/256, ttl=64 (no response found!)"
"42","10.622249012","172.17.0.2","172.17.0.4","ICMP","100","Echo (ping) request  id=0x0017, seq=1/256, ttl=64 (reply in 43)"
"43","10.622262664","172.17.0.4","172.17.0.2","ICMP","100","Echo (ping) reply    id=0x0017, seq=1/256, ttl=64 (request in 42)"
"44","10.622266991","172.17.0.4","172.17.0.2","ICMP","100","Echo (ping) reply    id=0x0017, seq=1/256, ttl=64"
"45","11.641302178","172.17.0.2","172.17.0.4","ICMP","100","Echo (ping) request  id=0x0017, seq=2/512, ttl=64 (no response found!)"
"46","11.641322871","172.17.0.2","172.17.0.4","ICMP","100","Echo (ping) request  id=0x0017, seq=2/512, ttl=64 (reply in 47)"
"47","11.641336533","172.17.0.4","172.17.0.2","ICMP","100","Echo (ping) reply    id=0x0017, seq=2/512, ttl=64 (request in 46)"
"48","11.641340670","172.17.0.4","172.17.0.2","ICMP","100","Echo (ping) reply    id=0x0017, seq=2/512, ttl=64"
"49","12.665291538","172.17.0.2","172.17.0.4","ICMP","100","Echo (ping) request  id=0x0017, seq=3/768, ttl=64 (no response found!)"
"50","12.665314164","172.17.0.2","172.17.0.4","ICMP","100","Echo (ping) request  id=0x0017, seq=3/768, ttl=64 (reply in 51)"
"51","12.665329218","172.17.0.4","172.17.0.2","ICMP","100","Echo (ping) reply    id=0x0017, seq=3/768, ttl=64 (request in 50)"
"52","12.665333686","172.17.0.4","172.17.0.2","ICMP","100","Echo (ping) reply    id=0x0017, seq=3/768, ttl=64"
"53","13.484997239","172.17.0.5","172.17.0.4","ICMP","100","Echo (ping) request  id=0x0018, seq=1/256, ttl=64 (no response found!)"
"54","13.485030743","172.17.0.5","172.17.0.4","ICMP","100","Echo (ping) request  id=0x0018, seq=1/256, ttl=64 (reply in 55)"
"55","13.485050054","172.17.0.4","172.17.0.5","ICMP","100","Echo (ping) reply    id=0x0018, seq=1/256, ttl=64 (request in 54)"
"56","13.485054862","172.17.0.4","172.17.0.5","ICMP","100","Echo (ping) reply    id=0x0018, seq=1/256, ttl=64"
"57","14.493279785","172.17.0.5","172.17.0.4","ICMP","100","Echo (ping) request  id=0x0018, seq=2/512, ttl=64 (no response found!)"
"58","14.493301480","172.17.0.5","172.17.0.4","ICMP","100","Echo (ping) request  id=0x0018, seq=2/512, ttl=64 (reply in 59)"
"59","14.493315323","172.17.0.4","172.17.0.5","ICMP","100","Echo (ping) reply    id=0x0018, seq=2/512, ttl=64 (request in 58)"
"60","14.493319199","172.17.0.4","172.17.0.5","ICMP","100","Echo (ping) reply    id=0x0018, seq=2/512, ttl=64"
"61","15.513520879","172.17.0.5","172.17.0.4","ICMP","100","Echo (ping) request  id=0x0018, seq=3/768, ttl=64 (no response found!)"
"62","15.513547603","172.17.0.5","172.17.0.4","ICMP","100","Echo (ping) request  id=0x0018, seq=3/768, ttl=64 (reply in 63)"
"63","15.513562677","172.17.0.4","172.17.0.5","ICMP","100","Echo (ping) reply    id=0x0018, seq=3/768, ttl=64 (request in 62)"
"64","15.513567745","172.17.0.4","172.17.0.5","ICMP","100","Echo (ping) reply    id=0x0018, seq=3/768, ttl=64"
"65","16.537513421","172.17.0.5","172.17.0.4","ICMP","100","Echo (ping) request  id=0x0018, seq=4/1024, ttl=64 (no response found!)"
"66","16.537535597","172.17.0.5","172.17.0.4","ICMP","100","Echo (ping) request  id=0x0018, seq=4/1024, ttl=64 (reply in 67)"
"67","16.537550431","172.17.0.4","172.17.0.5","ICMP","100","Echo (ping) reply    id=0x0018, seq=4/1024, ttl=64 (request in 66)"
"68","16.537554107","172.17.0.4","172.17.0.5","ICMP","100","Echo (ping) reply    id=0x0018, seq=4/1024, ttl=64"
"69","17.561561536","172.17.0.5","172.17.0.4","ICMP","100","Echo (ping) request  id=0x0018, seq=5/1280, ttl=64 (no response found!)"
"70","17.561585325","172.17.0.5","172.17.0.4","ICMP","100","Echo (ping) request  id=0x0018, seq=5/1280, ttl=64 (reply in 71)"
"71","17.561601863","172.17.0.4","172.17.0.5","ICMP","100","Echo (ping) reply    id=0x0018, seq=5/1280, ttl=64 (request in 70)"
"72","17.561606059","172.17.0.4","172.17.0.5","ICMP","100","Echo (ping) reply    id=0x0018, seq=5/1280, ttl=64"
